name,tradeType,ticker,strikePrice,optionType,date,price,timePlaced
optionstrader,STC,SPY,400.0,C,4/1,0.85,2021-04-01 13:03:10.775440
HawaiianBeefy,STC,SPY,405.0,C,4/9,0.92,2021-04-01 13:06:21.043259
Sarah Roesler,BTO,AAPL,125.0,C,4/9,1.59,2021-04-05 08:55:35.983055
TripleThreat,BTO,AAPL,125.0,C,4/9,1.55,2021-04-05 08:56:53.429570
Chacha Chaudhary (Sunny),STC,TGT,210.0,C,4/16,1.42,2021-04-05 08:57:35.000822
skepticule,BTO,IWM,225.0,C,4/9,2.2,2021-04-05 08:57:42.133329
SkyRide7,BTO,SPY,400.0,C,4/16,1.94,2021-04-05 08:59:12.285911
Kromosome,BTO,AAPL,125.0,C,4/9,1.58,2021-04-05 08:59:18.773393
HawaiianBeefy,BTO,MA,370.0,C,4/09,8.112319369698345e+17,2021-04-05 08:59:32.386948
SkyRide7,BTO,SPY,400.0,P,4/16,1.94,2021-04-05 08:59:44.403348
HawaiianBeefy,BTO,MA,370.0,C,4/09,8.112319369698345e+17,2021-04-05 09:00:04.796901
HawaiianBeefy,BTO,MA,370.0,C,4/9,8.112319369698345e+17,2021-04-05 09:00:29.245473
Chacha Chaudhary (Sunny),STC,BBY,120.0,C,4/16,1.42,2021-04-05 09:03:03.075935
tydominguez,Stc,exc,21.0,C,5/21,0.42,2021-04-05 09:05:54.078469
tydominguez,Stc,exc,47.0,C,5/21,0.42,2021-04-05 09:07:18.993039
kharyss,BTO,DKNG,63.5,C,4/9,1.3,2021-04-05 09:08:48.790552
xXTotoNationXx,BTO,AAPL,125.0,C,4/9,1.58,2021-04-05 09:08:58.207202
tydominguez,Stc,so,65.0,C,5/21,0.55,2021-04-05 09:09:12.800291
tydominguez,Bto,amzn,3210.0,P,4/9,28.15,2021-04-05 09:15:25.741240
HawaiianBeefy,BTO,CHPT,20.0,P,4/9,0.03,2021-04-05 09:17:35.397950
netcrash,STC,TWTR,62.5,C,4/9,1.45,2021-04-05 09:18:23.642221
skepticule,STC,AAPL,124.0,P,4/9,0.75,2021-04-05 09:19:18.884140
slam,BTO,PTON,108.0,C,4/16,4.55,2021-04-05 09:27:16.980707
kharyss,STC,MA,370.0,C,4/9,3.6,2021-04-05 09:29:17.294036
ThetaHater,STC,NVDA,575.0,C,4/9,2.65,2021-04-05 09:29:28.888972
ThetaHater,STC,MA,370.0,C,4/9,3.75,2021-04-05 09:30:16.339467
Turtlemankam,BTO,TSLA,690.0,P,4/9,18.55,2021-04-05 09:31:06.108641
muu3,STC,MA,370.0,C,4/9,3.9,2021-04-05 09:32:46.060792
Kromosome,STC,SPY,406.0,P,4/5,0.37,2021-04-05 09:34:18.781601
netcrash,BTO,SPY,402.0,P,4/16,2.26,2021-04-05 09:36:34.867696
OddPopcorn,BTO,NIO,40.0,C,04/16,1.62,2021-04-05 09:36:39.917518
Turtlemankam,STC,TSLA,690.0,P,4/9,21.0,2021-04-05 09:39:15.067535
Relaxed Guru,STC,NVDA,565.0,C,4/9,5.2,2021-04-05 09:40:47.119606
Kromosome,STC,AAPL,125.0,C,4/9,1.9,2021-04-05 09:43:53.469035
Taylor,STC,TSLA,1000.0,C,7/16,15.4,2021-04-05 09:44:49.103711
Conny Cancun,BTO,PLTR,22.0,P,4/09,0.18,2021-04-05 09:47:48.689423
skepticule,BTO,BLNK,50.0,C,4/30,1.49,2021-04-05 09:48:45.373849
Roadkill(GR81),BTO,X,25.0,C,4/09,0.91,2021-04-05 09:49:46.548101
Emma T,BTO,SPY,404.0,P,4/07,0.87,2021-04-05 09:51:17.993788
skepticule,BTO,DOCU,212.5,C,4/9,1.1,2021-04-05 09:54:24.852393
dimes,BTO,AMD,82.5,C,4/16,1.42,2021-04-05 09:55:26.363298
tydominguez,Stc,amzn,3210.0,P,4/9,30.4,2021-04-05 09:56:27.743049
kharyss,BTO,TSLA,390.0,P,4/9,21.65,2021-04-05 09:57:23.617561
kharyss,BTO,TSLA,390.0,P,4/9,21.65,2021-04-05 10:00:15.529768
Devin 11,BTO,NVDA,575.0,C,4/16,7.3,2021-04-05 10:01:04.734172
OptionsNinja,BTO,SPY,404.0,P,4/5,0.12,2021-04-05 10:01:05.779292
tydominguez,Stc,wmt,140.0,C,6/18,5.12,2021-04-05 10:01:21.772456
OptionsNinja,BTO,OPEN,22.0,C,4/16,0.85,2021-04-05 10:05:37.969480
YOLOtrader,STC,NIO,37.0,C,4/9,0.7,2021-04-05 10:05:57.870842
SilverSurfer,BTO,MU,95.0,C,4/16,2.05,2021-04-05 10:06:59.318839
WallyWest,BTO,SPY,290.0,P,4/14,0.52,2021-04-05 10:08:54.612727
AV00,STO,VIAC,40.0,P,5/21,2.7,2021-04-05 10:08:55.602146
WallyWest,BTO,SPY,290.0,P,4/14,0.53,2021-04-05 10:09:56.716141
OptionsNinja,BTO,FUBO,22.0,C,4/9,0.66,2021-04-05 10:10:06.082561
Alexander_96,@here,BTO,85.0,C,5/21,3.6,2021-04-05 10:11:11.055678
naveen,BTO,JD,85.0,C,9/17,7.4,2021-04-05 10:14:55.228473
dragonfly888,STC,MU,95.0,C,4/9,1.11,2021-04-05 10:15:17.406806
Trigger,BTO,JD,85.0,C,5/21,3.65,2021-04-05 10:15:55.231749
Pikayou,BTO,JD,85.0,C,5/21,3.6,2021-04-05 10:15:58.933214
ThetaHater,STC,MU,95.0,C,4/9,1.41,2021-04-05 10:18:01.621790
Pikayou,BTO,GMBL,10.0,C,5/21,6.6,2021-04-05 10:18:32.185491
illectronic,BTO,ZM,325.0,C,4/9/21,5.0,2021-04-05 10:20:13.174199
naveen,STC,HOG,40.0,C,5/21,3.2,2021-04-05 10:20:21.602309
wmsbill,BTO,SPY,405.0,P,04/09,1.85,2021-04-05 10:22:47.421037
Kromosome,BTO,JD,85.0,C,5/21,3.6,2021-04-05 10:23:55.314520
Eco,BTO,AMD,81.0,C,4/09,1.32,2021-04-05 10:25:16.129203
OptionsNinja,BTO,TSLA,735.0,C,4/9,5.9,2021-04-05 10:26:01.961961
hyp3rstr34m,STC,TWTR,63.0,C,4/9,1.52,2021-04-05 10:27:06.308980
galangster,BTO,TSM,125.0,C,5/7,5.2,2021-04-05 10:28:42.294230
kharyss,BTO,NIO,40.0,C,4/9,1.2,2021-04-05 10:28:45.097672
galangster,BTO,QCOM,141.0,C,4/23,3.39,2021-04-05 10:29:13.089903
The1Don,BTO,ON,43.5,C,4/16,1.5,2021-04-05 10:30:18.655875
omnist,Stc,vz,58.0,C,4/9,0.91,2021-04-05 10:31:14.161213
–ê–ª–µ–∫—Å–∞–Ω–¥—Ä –ù–∞—Ä–∫–æ–º–∞–Ω–¥—Ä (shurkin),BTO,PAYX,100.0,P,4/16,1.8,2021-04-05 10:32:05.608421
chasincam,BTO,EBON,7.5,C,4/16,0.59,2021-04-05 10:36:03.791836
Turtlemankam,BTO,ZM,330.0,C,4/9,3.6,2021-04-05 10:41:11.789700
The1Don,STC,ON,43.5,C,4/16,1.6,2021-04-05 10:41:12.286824
OptionsNinja,BTO,TQQQ,95.0,P,4/9,0.85,2021-04-05 10:43:17.281528
Pikayou,STC,MA,360.0,C,4/9,8.112319369698345e+17,2021-04-05 10:47:04.295403
justinsullivan,BTO,ZM,330.0,C,4/21/21,7.3,2021-04-05 10:47:22.994931
kharyss,BTO,FB,305.0,P,4/9,3.45,2021-04-05 10:47:37.751508
Pikayou,STX,MA,370.0,C,4/9,3.3,2021-04-05 10:47:37.841529
justinsullivan,BTO,ZM,330.0,C,4/21,7.3,2021-04-05 10:48:29.325406
Pikayou,STC,MA,370.0,C,4/9,8.112319369698345e+17,2021-04-05 10:48:33.624552
Pikayou,STC,MA,370.0,C,4/9,8.112319369698345e+17,2021-04-05 10:49:12.677555
ThetaHater,STC,UA,18.5,C,4/16,0.8,2021-04-05 10:49:32.887913
Pikayou,STC,MA,370.0,C,4/9,3.4,2021-04-05 10:49:33.268672
omnist,Stc,dnn,1.0,C,5/21,0.3,2021-04-05 10:52:14.603208
OptionsNinja,STC,SPY,404.0,P,4/5,0.1,2021-04-05 10:54:12.553555
justinsullivan,BTO,ZM,330.0,C,4/21,7.6,2021-04-05 10:57:49.580460
Pikayou,BTO,dkng,65.0,C,5/21,5.1,2021-04-05 10:58:52.666970
Pikayou,BTO,dkng,65.0,C,5/21,4.5,2021-04-05 10:59:30.843855
Devin 11,STC,NVDA,575.0,C,4/16,8.05,2021-04-05 11:01:54.714280
TripleThreat,STC,AAPL,125.0,C,4/9,2.03,2021-04-05 11:03:03.406178
deluxe,BTO,LULU,312.5,C,4/9,0.92,2021-04-05 11:05:09.975090
OptionsNinja,STC,TSLA,735.0,C,4/9,8.0,2021-04-05 11:09:35.646943
hyp3rstr34m,BTO,NIO,42.0,C,4/9,0.46,2021-04-05 11:11:02.166149
illectronic,STC,ZM,325.0,C,4/9/21,5.7,2021-04-05 11:14:51.874653
Turtlemankam,STC,ZM,330.0,C,4/9,3.9,2021-04-05 11:15:54.992204
dimes,STC,AMD,82.5,C,4/16,1.53,2021-04-05 11:20:29.285865
elco-bets,BTO,DKNG,65.0,C,5/21,4.6,2021-04-05 11:25:42.107296
OptionsNinja,BTO,TSLA,675.0,P,4/9,10.75,2021-04-05 11:26:51.074273
elco-bets,BTO,OXY,56.0,C,5/21,1.9,2021-04-05 11:28:39.515675
Hamfam,BTO,NFLX,560.0,C,4/9,1.7,2021-04-05 11:29:16.855462
shinmoon,BTO,NFLX,560.0,C,4/9,1.52,2021-04-05 11:29:48.961485
N1k,STC,TSLA,760.0,C,4/9,4.2,2021-04-05 11:33:11.438471
–ê–ª–µ–∫—Å–∞–Ω–¥—Ä –ù–∞—Ä–∫–æ–º–∞–Ω–¥—Ä (shurkin),STC,PAYX,100.0,P,4/16,1.85,2021-04-05 11:38:31.918969
HawaiianBeefy,BTO,SNAP,65.0,C,5/21,2.05,2021-04-05 11:39:20.988949
dauntless (Swing trades),STC,DOCU,220.0,C,5/21,6.0,2021-04-05 11:40:07.625211
HawaiianBeefy,STC,BAC,38.0,C,4/16,1.09,2021-04-05 11:41:12.982250
LiquidUnicorn$,BTO,AMD,90.0,C,4/16,0.23,2021-04-05 11:41:50.134889
WallyWest,BTO,PLTR,22.0,P,4/9,0.17,2021-04-05 11:48:43.135645
OptionsNinja,BTO,SPY,405.0,P,4/9,1.88,2021-04-05 11:52:48.952459
hellboii,STC,NFLX,550.0,C,4/9,4.1,2021-04-05 11:53:35.835036
Zachy,BTO,NIO,40.0,C,4/9,1.2,2021-04-05 11:56:34.453940
OptionsNinja,BTO,AMC,11.0,P,4/9,0.88,2021-04-05 12:00:49.002731
HouseHufflepuff.üßß,BTO,KWEB,80.0,C,4/16,1.54,2021-04-05 12:01:36.411950
Eco,STC,AMD,81.0,C,4/09,1.4,2021-04-05 12:08:01.958803
OptionsNinja,STC,AMC,11.0,P,4/9,0.8,2021-04-05 12:12:03.325636
RedAle,STC,SNAP,53.0,C,4/9/21,2.35,2021-04-05 12:18:40.673367
OptionsNinja,STC,SRNE,8.0,C,4/16,0.72,2021-04-05 12:22:06.425763
TheOneNamedJack,STC,NVDA,575.0,C,4/9,3.25,2021-04-05 12:25:50.823727
PK,BTO,NFLX,590.0,C,4/16,1.05,2021-04-05 12:28:47.733297
OptionsNinja,STC,OPEN,22.0,C,4/16,0.95,2021-04-05 12:33:54.605262
Ceo‚Äî,BTO,R,80.0,C,4/16,0.95,2021-04-05 12:44:35.237289
OddPopcorn,BTO,MU,95.0,C,4/09,1.1,2021-04-05 12:50:45.327647
naveen,BTO,SAP,135.0,C,12/17,9.3,2021-04-05 12:51:45.797941
naveen,BTO,SAP,135.0,C,12/17,7.4,2021-04-05 12:52:00.218970
Ed | TiT,BTO,MSFT,255.0,C,4/16,1.75,2021-04-05 12:52:31.287440
Muse,bto,intc,61.0,P,5/7,0.82,2021-04-05 12:52:45.717292
Devin 11,STC,AMZN,3300.0,C,4/9,10.2,2021-04-05 12:53:22.733252
YOLOtrader,BTO,GME,200.0,C,4/9,9.11,2021-04-05 12:53:44.227153
Gradyv (Moderator),BTO,LULU,315.0,C,4/23,3.25,2021-04-05 12:54:16.821472
Hamfam,BTO,NFLX,560.0,C,4/9,1.62,2021-04-05 12:58:07.136424
hockeysniper,STC,V,220.0,C,4/16,2.66,2021-04-05 12:58:19.918383
Muse,bto,chwy,90.0,C,5/21,3.1,2021-04-05 12:58:34.075042
ranman1665,STC,DAL,50.0,C,4/9,0.95,2021-04-05 12:58:41.518170
Kromosome,BTO,VIAC,45.0,C,6/18,4.25,2021-04-05 13:01:14.910755
The √ülind Monk,STC,SPY,404,P,4/7,.13,2021-04-07 09:06:17.120298
kuru,BTO,TSLA,685,C,4/16,24.87,2021-04-07 09:06:22.510030
x JOAT Trader x (HYBRID),Bto,crsp,125,C,4/9,.71,2021-04-07 09:16:57.089666
Serpico,STC,SQ,280,C,4/16,.52,2021-04-07 09:19:44.372112
OptionsNinja,STC,TSLA,685,P,4/9,16.65,2021-04-07 09:20:54.881609
OptionsNinja,STC,SNAP,60,C,4/16,2.15,2021-04-07 09:24:30.857446
N1k,BTO,TSLA,660,P,4/9,6.2,2021-04-07 09:33:02.312934
HawaiianBeefy,BTO,BAC,40,C,5/21,1.50,2021-04-07 09:34:19.340115
N1k,BTO,FB,307.5,P,4/9,1.68,2021-04-07 09:39:38.006189
Turtlemankam,BTO,TSLA,660,P,4/16,17,2021-04-07 09:40:55.250869
NubiTrader,BTO,MSFT,262.50,C,4/30,2.25,2021-04-07 09:40:56.383294
NubiTrader,BTO,SPY,406,C,4/9,1.68,2021-04-07 09:44:05.162550
ChesterSwingTrades (TBucNation),BTO,SPCE,33,C,5/21,2.68,2021-04-07 09:44:20.212600
Soliquid,BTO,NVDA,570,C,4/9,2.44,2021-04-07 09:46:00.969370
Taylor,BTO,PENN,105,C,5/21,10.10,2021-04-07 09:46:02.028367
NubiTrader,STC,SPY,406,C,4/9,1.78,2021-04-07 09:48:35.181245
mahesh,BTO,TSLA,677.5,C,4/9,13.65,2021-04-07 09:49:39.513853
N1k,STC,FB,307.5,P,4/9,1.62,2021-04-07 09:51:30.757897
Emma T,STC,JPM,155,C,4/9,.88,2021-04-07 09:51:46.921437
Eco,STC,JPM,150,C,4/09,.85,2021-04-07 09:53:17.366909
hellboii,BTO,FB,320,C,4/16,2.86,2021-04-07 09:54:34.383330
Eco,STC,JPM,155,C,4/09,.85,2021-04-07 09:54:36.543195
N1k,STC,TSLA,660,P,4/9,6.7,2021-04-07 09:55:07.005803
T.Y.,BTO,SOS,5.5,C,4/9/21,0.73,2021-04-07 09:56:22.356798
kuru,STC,Amat,145,C,04/30,3.2,2021-04-07 09:56:23.529061
N1k,BTO,TSLA,660,P,4/9,6.7,2021-04-07 09:56:28.282574
Muse,bto,amc,15,C,5/21,0.63,2021-04-07 09:56:50.492315
dauntless (Swing trades),BTO,CLSK,30,C,5/21,1.54,2021-04-07 09:57:20.126030
Devin 11,BTO,NVDA,565,C,4/9,4.08,2021-04-07 09:58:16.971962
N1k,STC,TSLA,660,P,4/9,7.6,2021-04-07 09:59:10.714237
Muse,stc,qcom,95,C,1/20/23,48,2021-04-07 10:00:26.524686
Rev,STC,JPM,155,C,4/9,0.81,2021-04-07 10:00:29.967525
Turtlemankam,BTO,MA,372.5,C,4/9,1.82,2021-04-07 10:00:32.378425
T.Y.,BTO,AMC,15,C,5/21/21,.64,2021-04-07 10:00:51.475691
Arsenal,BTO,XOM,57,C,4/9,.37,2021-04-07 10:01:47.578326
tgrim,BTO,PZZA,95,C,4/9,.35,2021-04-07 10:02:07.992205
Turtlemankam,STC,ROKU,365,C,4/9,4.9,2021-04-07 10:04:27.032418
tydominguez,Bto,pypl,257.5,C,4/9,1.9,2021-04-07 10:04:27.229346
dauntless (Swing trades),BTO,HUM,330,C,5/14,5.87,2021-04-07 10:08:25.412951
Turtlemankam,BTO,QQQ,330,P,4/9,1.75,2021-04-07 10:09:44.092779
Soliquid,STC,NVDA,570,C,4/9,3.45,2021-04-07 10:10:48.282504
JTrader,BTO,PLTR,23,C,4/16,.95,2021-04-07 10:11:54.952608
Devin 11,STC,NVDA,565,C,4/9,5.25,2021-04-07 10:12:44.909122
dauntless (Swing trades),BTO,HUM,430,C,5/14,5.87,2021-04-07 10:14:30.317845
xy0zv8pg,BTO,NRG,40,C,5/21,1.17,2021-04-07 10:20:32.279417
stevenw9930,BTO,TSLA,700,C,1/21/22,149.95,2021-04-07 10:22:36.661940
OddPopcorn,STC,LB,64,C,4/9,1.32,2021-04-07 10:28:18.430295
Muse,bto,feye,22,C,6/18,0.8,2021-04-07 10:30:58.907307
tydominguez,Bto,pypl,257.5,C,4/9,1.55,2021-04-07 10:31:49.890253
muu3,BTO,SPCE,30,C,4/16,1.15,2021-04-07 10:36:57.240448
mahesh,BTO,REGN,480,C,4/9,3.8,2021-04-07 10:41:44.500743
skepticule,BTO,NUGT,60,C,4/9,1.1,2021-04-07 10:43:50.869739
Trevor,BTO,SPY,408,C,4/7,0.06,2021-04-07 10:43:50.967151
muu3,BTO,PG,135,C,5/21,4.03,2021-04-07 10:47:10.664400
LordMiyagi,BTO,Feye,22,C,6/18,0.81,2021-04-07 10:47:51.008713
tydominguez,Stc,pypl,257.5,C,4/9,1.88,2021-04-07 10:48:39.128021
MelloDreams,BTO,TSLA,700,C,4/16,15,2021-04-07 10:53:46.190093
Shrooms,BTO,NIO,40,C,10/15,6.92,2021-04-07 10:55:10.629249
Clem,STC,JPM,155,C,4/9,1.05,2021-04-07 11:01:11.921197
HawaiianBeefy,STC,BAC,40,C,5/21,1.70,2021-04-07 11:01:54.927352
x JOAT Trader x (HYBRID),Bto,tsla,800,C,4/16,1.30,2021-04-07 11:04:17.281436
skepticule,STC,NVDA,545,P,4/9,.75,2021-04-07 11:04:41.670854
x JOAT Trader x (HYBRID),Bto,tsla,800,C,4/16,1.31,2021-04-07 11:04:49.917636
Turtlemankam,BTO,QQQ,330,P,4/9,1.35,2021-04-07 11:07:37.652144
Shiv_Shiva,BTO,TSLA,680,C,4/9,11.88,2021-04-07 11:07:52.257649
skepticule,BTO,ABNB,185,C,4/9,2.24,2021-04-07 11:08:34.403359
N1k,BTO,TSLA,660,P,4/9,5.5,2021-04-07 11:09:11.384945
skepticule,BTO,PTON,119,C,4/9,.79,2021-04-07 11:09:55.948781
N1k,STC,TSLA,660,P,4/9,5.3,2021-04-07 11:09:57.566425
WallyWest,STC,TSLA,717.5,C,4/9,2.25,2021-04-07 11:10:57.660140
Kromosome,BTO,MSFT,250,P,04/16,3.1,2021-04-07 11:12:56.044412
Kromosome,BTO,MSFT,250,P,04/16,3.1,2021-04-07 11:13:27.032466
skepticule,BTO,LMND,98,C,4/9,.50,2021-04-07 11:13:49.474289
Devin 11,STC,NVDA,575,C,4/16,10,2021-04-07 11:14:58.631907
Michele,BTO,SQ,250,C,4/09,3.4,2021-04-07 11:16:11.668169
HouseHufflepuff.üßß,STC,LEVI,24,C,4/16,1.3,2021-04-07 11:16:23.816956
HawaiianBeefy,STC,BAC,40,C,5/21,1.65,2021-04-07 11:17:24.869730
Turtlemankam,BTO,LMND,96,C,4/9,.85,2021-04-07 11:17:47.839301
WallyWest,BTO,AMD,92,P,9/4,.44,2021-04-07 11:19:15.848339
WallyWest,BTO,AMD,92,P,4/9,.44,2021-04-07 11:21:03.174391
HouseHufflepuff.üßß,BTO,PII,145,C,4/16,.75,2021-04-07 11:21:36.187439
OptionsNinja,BTO,TSLA,700,C,4/9,5.3,2021-04-07 11:21:53.402493
jayjay,BTO,BYND,135,C,4/16,2.49,2021-04-07 11:22:28.354075
WallyWest,BTO,AMD,82,P,9/4,.44,2021-04-07 11:23:04.360929
Riley,BTO,LMND,94,C,4/9,1.4,2021-04-07 11:23:15.620019
N1k,STC,TSLA,660,P,4/9,5.85,2021-04-07 11:23:30.473461
WallyWest,BTO,AMD,82,P,4/9,.48,2021-04-07 11:24:01.799180
HawaiianBeefy,BTO,IWM,215,P,5/21,5.06,2021-04-07 11:25:52.905805
Muse,bto,dnn,1.5,C,7/16,.2,2021-04-07 11:33:30.951288
tydominguez,Bto,viac,55,C,9/17,3.25,2021-04-07 11:42:42.110703
Taylor,BTO,SPY,415,C,4/16,.55,2021-04-07 11:47:38.872614
AV00,STO,X,19,P,5/21,.69,2021-04-07 11:48:16.815333
Turtlemankam,STC,LMND,96,C,4/9,.75,2021-04-07 11:51:35.533680
Turtlemankam,STC,QQQ,330,P,4/9,1.2,2021-04-07 11:53:41.542704
Turtlemankam,BTO,TWTR,69,P,4/9,.92,2021-04-07 11:57:18.910893
N1k,BTO,TSLA,660,P,4/9,7.25,2021-04-07 11:57:26.698520
Turtlemankam,STC,TWTR,69,P,4/9,1.02,2021-04-07 12:02:50.549509
Alexander_96,@here,BTO,30,P,5/21,1.85,2021-04-07 12:03:02.620146
wlfgng,BTO,TWTR,70,C,4/16,1.76,2021-04-07 12:03:27.718267
muu3,STC,,30,C,4/16,1.22,2021-04-07 12:07:02.623185
Trigger,BTO,NCLH,30,P,5/21,1.85,2021-04-07 12:07:49.020852
wlfgng,BTO,TSLA,800,C,4/16,1.23,2021-04-07 12:08:36.063394
Pyroüî•,BTO,SNAP,55,C,7/16,10.55,2021-04-07 12:10:33.934498
Turtlemankam,BTO,ZM,325,C,4/9,4.1,2021-04-07 12:11:17.310638
sujith,BTO,W,350,C,4/16,3.2,2021-04-07 12:11:53.781359
kuru,STC,TSLA,685,C,4/16,20,2021-04-07 12:13:12.463389
galangster,BTO,SOS,6,C,4/9,.45,2021-04-07 12:14:25.376721
NoorGator,BTO,AMD,42,C,4/9,1.10,2021-04-07 12:17:56.657658
NoorGator,BTO,AMD,82,C,4/9,1.10,2021-04-07 12:19:10.017884
Turtlemankam,STC,ZM,325,C,4/9,4.4,2021-04-07 12:23:33.065559
T.Y.,STC,SOS,5.5,C,4/9/21,0.88,2021-04-07 12:24:28.872458
Kromosome,BTO,NCLH,30,P,5/21,1.85,2021-04-07 12:27:12.681988
N1k,STC,TSLA,660,P,4/9,8.75,2021-04-07 12:28:29.409591
muu3,STC,LB,64,C,4/9,1.30,2021-04-07 12:28:57.856013
Turtlemankam,STC,TSLA,660,P,4/16,20.8,2021-04-07 12:29:48.264831
Taylor,STC,PENN,105,C,5/21,9.05,2021-04-07 12:32:10.094701
kuru,BTO,TSLA,670,C,4/16,25.05,2021-04-07 12:32:18.450050
Taylor,STC,NIO,35,C,1/21/22,10.20,2021-04-07 12:32:56.588203
WallyWest,STC,AMD,92,P,4/9,.70,2021-04-07 12:33:00.835466
Eco,STC,JPM,155,C,4/09,.85,2021-04-07 12:33:05.769059
Emma T,BTO,SOS,7,C,4/9,.3,2021-04-07 12:33:28.644552
Taylor,BTO,KHC,40,C,5/21,1.88,2021-04-07 12:37:00.890640
T.Y.,BTO,ORCL,75,C,4/9/21,0.20,2021-04-07 12:37:41.756374
HouseHufflepuff.üßß,BTO,ASO,45,C,4/16,.45,2021-04-07 12:40:45.501849
WallyWest,STC,AMD,82,P,4/9,.71,2021-04-07 12:42:20.248612
HouseHufflepuff.üßß,BTO,CAT,240,C,4/09,.14,2021-04-07 12:42:56.375029
slam,BTO,JD,85,C,5/21,2.85,2021-04-07 12:45:28.270624
Clem,STC,JPM,155,C,4/9,1.10,2021-04-07 12:46:04.155858
iammams,BTO,VIAC,45,C,4/9,.47,2021-04-07 12:46:53.084179
incidrthreat,STC,TWTR,64,C,4/9,5.0,2021-04-07 12:47:08.486974
muu3,BTO,ABNB,200,C,04/16,1.12,2021-04-07 12:48:29.200024
slam,BTO,NVAX,250,C,7/16,18.8,2021-04-07 12:51:09.687068
iammams,STC,VIAC,45,C,4/9,.55,2021-04-07 12:54:12.144300
Taylor,BTO,ADBE,500,C,4/16,4.55,2021-04-07 12:54:21.553962
Eureka,BTO,ABNB,195,C,4/16,1.75,2021-04-07 12:55:46.078624
skepticule,STC,ABNB,185,C,4/9,1.42,2021-04-07 12:57:31.413636
Ed | TiT,BTO,DDOG,90,C,4/16,1.37,2021-04-07 12:58:44.856601
brycat23,BTO,DDOG,90,C,4/16,1.38,2021-04-07 12:59:28.832403
tgrim,STC,PZZA,95,C,4/9,2.50,2021-04-07 13:00:39.941975
skepticule,BTO,SPY,400,P,4/16,1.26,2021-04-07 13:02:52.959786
KipWafflehouse,BTO,AMC,10,C,4/16,.61,2021-04-07 13:06:51.473646
KipWafflehouse,BTO,AMC,10,C,4/16,.61,2021-04-07 13:07:17.936848
